dataset,model,encoder,seed,epoch,epoch_index,train_loss,train_loss_status,gold_protocol,metric_unit,selected_checkpoint,training_phase,dev_trig_i_p,dev_trig_i_r,dev_trig_i_f1,dev_trig_c_p,dev_trig_c_r,dev_trig_c_f1,dev_arg_i_p,dev_arg_i_r,dev_arg_i_f1,dev_arg_c_p,dev_arg_c_r,dev_arg_c_f1,test_trig_i_p,test_trig_i_r,test_trig_i_f1,test_trig_c_p,test_trig_c_r,test_trig_c_f1,test_arg_i_p,test_arg_i_r,test_arg_i_f1,test_arg_c_p,test_arg_c_r,test_arg_c_f1
BKEE,OneIE,bert-base-multilingual-cased,42,1,0,,not_available_in_archived_epoch_log,upstream_bkee,percent,False,initial,67.21491228070175,35.3110599078341,46.29909365558913,65.78947368421053,34.56221198156682,45.317220543806656,49.833333333333336,9.679507931369375,16.21035510978585,46.33333333333333,8.999676270637746,15.07183518568718,66.50062266500623,35.41114058355438,46.21376027693639,64.38356164383562,34.283819628647215,44.742535698831674,47.47826086956522,9.718761124955499,16.134751773049643,46.08695652173913,9.433962264150944,15.661938534278963
BKEE,OneIE,bert-base-multilingual-cased,42,2,1,,not_available_in_archived_epoch_log,upstream_bkee,percent,False,initial,67.61168384879726,45.33410138248848,54.275862068965516,64.3470790378007,43.145161290322584,51.6551724137931,53.30232558139535,18.54969245710586,27.521613832853024,48.65116279069767,16.93104564584008,25.12007684918348,66.10878661087865,41.90981432360743,51.298701298701296,61.71548117154811,39.12466843501326,47.88961038961038,50.88819226750261,17.337130651477395,25.862984599044083,47.7533960292581,16.269134923460307,24.26978226234732
BKEE,OneIE,bert-base-multilingual-cased,42,3,2,,not_available_in_archived_epoch_log,upstream_bkee,percent,False,initial,64.67110125646711,50.403225806451616,56.65263839430236,61.4190687361419,47.86866359447004,53.80382000647458,50.62240663900415,27.64648753641955,35.76214405360133,45.820983995257855,25.02427970216899,32.370184254606365,64.57286432160804,51.12732095490716,57.06883789785344,62.14405360134003,49.20424403183024,54.92227979274612,50.306372549019606,29.22748309006764,36.973654582301286,45.71078431372549,26.55749377002492,33.59603692861968
BKEE,OneIE,bert-base-multilingual-cased,42,4,3,,not_available_in_archived_epoch_log,upstream_bkee,percent,False,initial,63.51259360108917,53.74423963133641,58.22152886115446,60.24506466984343,50.97926267281107,55.22620904836194,49.40202391904324,34.76853350598899,40.8132243967319,44.94020239190432,31.62835869213338,37.127113813414404,61.976284584980235,51.9893899204244,56.545257843490795,58.81422924901186,49.3368700265252,53.66029570861883,47.2913616398243,34.49626201495194,39.892960065870724,43.972669594924355,32.075471698113205,37.09345409633593
BKEE,OneIE,bert-base-multilingual-cased,42,5,4,,not_available_in_archived_epoch_log,upstream_bkee,percent,False,initial,61.25232486050837,56.91244239631337,59.00268736936398,59.02045877247365,54.83870967741935,56.85279187817258,51.37401024685608,35.707348656523145,42.13139801375096,46.62319515603167,32.40530916154095,38.23529411764706,60.74964639321075,56.96286472148541,58.79534565366187,58.62800565770863,54.97347480106101,56.741957563312795,52.00395843641762,37.415450338198646,43.519668737060044,48.14448292924295,34.63866144535422,40.289855072463766
BKEE,OneIE,bert-base-multilingual-cased,42,6,5,,not_available_in_archived_epoch_log,upstream_bkee,percent,False,initial,59.86159169550172,59.7926267281106,59.8270893371758,56.11303344867359,56.048387096774185,56.080691642651296,45.6072803640182,42.18193590158628,43.82778338378742,41.68708435421771,38.55616704435093,40.06054490413724,60.614152202937255,60.212201591511935,60.41250831669994,57.810413885180246,57.42705570291777,57.61809713905522,48.14522494080505,43.431826272694906,45.66722814897997,45.06708760852407,40.65503737985048,42.7475201197829
BKEE,OneIE,bert-base-multilingual-cased,42,7,6,,not_available_in_archived_epoch_log,upstream_bkee,percent,False,initial,56.49317837291561,64.40092165898618,60.188425302826374,54.37089439110662,61.9815668202765,57.927321668909826,43.81173736199884,48.81838782777598,46.17975807686418,39.71528181289948,44.253803820006475,41.861889450313896,55.32286212914486,63.063660477453574,58.940192128912294,53.403141361256544,60.87533156498674,56.89494886891849,45.09803921568628,49.12780348878604,47.02675072414381,41.568627450980394,45.28301886792453,43.3463963196456
BKEE,OneIE,bert-base-multilingual-cased,42,8,7,,not_available_in_archived_epoch_log,upstream_bkee,percent,False,initial,63.141025641025635,56.73963133640553,59.76941747572816,61.08974358974359,54.8963133640553,57.82766990291264,51.26252505010021,41.4049854321787,45.80945558739255,47.49498997995992,38.36192942699903,42.44269340974212,62.99625468164795,55.769230769230774,59.16285613788253,61.27340823970038,54.244031830238725,57.54484699261343,53.26184092940125,42.43503025987896,47.23598177134931,50.04468275245755,39.87184051263795,44.382801664355064
BKEE,OneIE,bert-base-multilingual-cased,42,9,8,,not_available_in_archived_epoch_log,upstream_bkee,percent,False,initial,56.67330677290837,65.55299539170507,60.79059829059828,54.581673306772906,63.133640552995395,58.54700854700855,43.367903930131,51.440595662026546,47.06056567451503,39.54694323144105,46.908384590482356,42.914260328742785,56.345475910693295,63.59416445623343,59.75077881619938,54.11280846063454,61.07427055702917,57.38317757009346,43.13725490196079,50.124599501602,46.36917503704924,39.64460784313725,46.066215735137064,42.614852626379054
BKEE,OneIE,bert-base-multilingual-cased,42,10,9,,not_available_in_archived_epoch_log,upstream_bkee,percent,False,initial,60.154394299287404,58.35253456221198,59.23976608187134,57.83847980997625,56.10599078341014,56.959064327485386,49.502840909090914,45.12787309809,47.214225232853515,46.09375,42.0200712204597,43.96274343776461,60.9375,59.48275862068966,60.2013422818792,58.83152173913043,57.42705570291777,58.120805369127524,50.1573564122738,45.38981844072624,47.65464399177724,47.1675845790716,42.68422926308295,44.81405344795365
BKEE,OneIE,bert-base-multilingual-cased,42,11,10,,not_available_in_archived_epoch_log,upstream_bkee,percent,False,initial,60.60254924681344,60.25345622119816,60.42749855574813,58.40092699884125,58.06451612903226,58.23223570190642,53.57283853138571,43.93007445775332,48.27463536108147,49.151204105803394,40.304305600517964,44.29028815368196,60.67796610169491,59.3501326259947,60.00670465973853,58.84745762711865,57.55968169761273,58.1964465303386,54.63286713286713,44.499822000711994,49.04845987835982,51.00524475524476,41.54503381986472,45.79164214243673
BKEE,OneIE,bert-base-multilingual-cased,42,12,11,,not_available_in_archived_epoch_log,upstream_bkee,percent,False,weights_only_resume,65.27309507754552,55.76036866359447,60.142901522211865,62.71072151045178,53.57142857142857,57.781919850885366,53.678015973097935,41.34023955972806,46.70811997073884,49.93694829760403,38.45904823567498,43.45281638624726,65.3076923076923,56.29973474801061,60.47008547008548,63.38461538461539,54.64190981432361,58.6894586894587,56.20641562064156,43.040227839088644,48.75000000000001,52.952115295211534,40.54823780704877,45.927419354838705
BKEE,OneIE,bert-base-multilingual-cased,42,13,12,,not_available_in_archived_epoch_log,upstream_bkee,percent,False,weights_only_resume,57.698289269051315,64.11290322580645,60.73669849931787,55.2099533437014,61.3479262672811,58.11732605729877,46.85336689741976,48.203302039494986,47.51874900271262,43.54940213971051,44.80414373583684,44.16786341152066,58.49408836341008,62.3342175066313,60.353130016051374,56.75171126322339,60.47745358090185,58.5553772070626,50.160771704180064,49.98220007119972,50.07132667617689,47.08824580207217,46.92061231755073,47.00427960057062
BKEE,OneIE,bert-base-multilingual-cased,42,14,13,,not_available_in_archived_epoch_log,upstream_bkee,percent,False,weights_only_resume,56.151898734177216,63.882488479262676,59.768256534626786,53.82278481012658,61.23271889400922,57.28914039342495,43.58538657604078,49.82194885076077,46.49546827794562,39.64882469555367,45.32211071544189,42.296072507552864,57.58848230353929,63.660477453580896,60.472440944881875,55.66886622675465,61.53846153846154,58.45669291338583,46.64462809917355,50.231399074403704,48.37161467260884,43.239669421487605,46.56461374154504,44.8405896468975
BKEE,OneIE,bert-base-multilingual-cased,42,15,14,,not_available_in_archived_epoch_log,upstream_bkee,percent,False,weights_only_resume,60.71025930101466,62.03917050691244,61.36752136752137,58.22998872604283,59.504608294930875,58.86039886039885,46.606625924734644,46.908384590482356,46.75701839303,43.03634609199099,43.31498866947232,43.17521781219749,61.4824619457313,61.604774535809014,61.54355746936072,59.36465916611515,59.48275862068966,59.423650215303084,48.872727272727275,47.846208615165544,48.35402050728548,45.52727272727273,44.57102171591313,45.04407267494153
BKEE,OneIE,bert-base-multilingual-cased,42,16,15,,not_available_in_archived_epoch_log,upstream_bkee,percent,False,weights_only_resume,54.78048780487805,64.68894009216591,59.32382461701003,51.951219512195124,61.3479262672811,56.25990491283678,44.57553956834532,50.14567821301392,47.1968312004875,40.97841726618705,46.09906118484947,43.38817794028032,56.38236977676016,65.3183023872679,60.52227342549923,54.32169433314253,62.93103448275862,58.310291858678966,47.104496926560984,51.83339266642933,49.35593220338983,43.86929796182466,48.27340690637237,45.96610169491526
BKEE,OneIE,bert-base-multilingual-cased,42,17,16,,not_available_in_archived_epoch_log,upstream_bkee,percent,False,weights_only_resume,57.24104074619538,67.16589861751152,61.80758017492711,54.88463426607757,64.40092165898618,59.263185793798044,47.65822784810126,48.75364195532535,48.19971195391262,44.08227848101266,45.095500161864685,44.58313330132822,56.72853828306265,64.85411140583554,60.51980198019803,54.698375870069604,62.53315649867373,58.3539603960396,50.14214641080312,50.231399074403704,50.18673306064378,46.83724235963042,46.92061231755073,46.87889027209675
BKEE,OneIE,bert-base-multilingual-cased,42,18,17,,not_available_in_archived_epoch_log,upstream_bkee,percent,False,weights_only_resume,56.361877116594094,67.10829493087557,61.267420457533525,54.47508466376391,64.86175115207374,59.21640809886932,44.972527472527474,52.9944966008417,48.65507504829842,41.75824175824176,49.20686306247977,45.17758953782137,56.39701663798049,65.18567639257294,60.47370039987696,54.675846242111305,63.19628647214854,58.62811442633037,46.901541365209184,53.07938768244927,49.7995991983968,43.72444164831708,49.483802064791746,46.42618570474282
BKEE,OneIE,bert-base-multilingual-cased,42,19,18,,not_available_in_archived_epoch_log,upstream_bkee,percent,False,weights_only_resume,59.595407326407866,62.78801843317973,61.15007012622722,56.86167304537999,59.907834101382484,58.345021037868165,48.01690507152146,47.814826804791196,47.915652879156525,44.66840052015605,44.480414373583685,44.57420924574209,61.08179419525066,61.40583554376657,61.24338624338625,58.90501319261213,59.217506631299734,59.06084656084656,52.40060015003751,49.73300106799573,51.03196347031963,49.287321830457614,46.77821288714845,48.00000000000001
BKEE,OneIE,bert-base-multilingual-cased,42,20,19,,not_available_in_archived_epoch_log,upstream_bkee,percent,False,weights_only_resume,61.03151862464183,61.3479262672811,61.189313415685156,58.624641833810884,58.92857142857143,58.77621373168631,50.15469233413544,47.23211395273551,48.649549849949985,46.82021313166037,44.0919391388799,45.415138379459826,62.017603249830735,60.742705570291776,61.373534338358446,60.18957345971564,58.95225464190982,59.564489112227804,52.72938443670151,48.48700605197579,50.51928783382789,49.47735191637631,45.49661801352794,47.40356083086053
BKEE,OneIE,bert-base-multilingual-cased,42,21,20,,not_available_in_archived_epoch_log,upstream_bkee,percent,False,weights_only_resume,58.79873551106428,64.28571428571429,61.41992294991745,56.74394099051633,62.03917050691244,59.2735277930655,46.957554170376966,51.213985108449336,48.99349643852586,43.365983971504896,47.29685982518615,45.24620625580675,60.204081632653065,62.59946949602122,61.37841352405721,58.545918367346935,60.87533156498674,59.687906371911566,49.966032608695656,52.36739053043787,51.13853641578308,47.18070652173913,49.44820220719117,48.28784981748653
BKEE,OneIE,bert-base-multilingual-cased,42,22,21,,not_available_in_archived_epoch_log,upstream_bkee,percent,False,weights_only_resume,59.240647682858736,61.117511520737324,60.1644457045648,57.06309324399776,58.87096774193549,57.952934505245246,51.02040816326531,46.94075752670767,48.895633114146015,47.36101337086559,43.573972159274845,45.38863598044175,61.20805369127517,60.47745358090185,60.84056037358238,59.664429530201346,58.95225464190982,59.306204136090734,54.285714285714285,49.37700249199003,51.71513795674869,51.2720156555773,46.63581345674617,48.844146159582394
BKEE,OneIE,bert-base-multilingual-cased,42,23,22,,not_available_in_archived_epoch_log,upstream_bkee,percent,False,weights_only_resume,60.41902604756512,61.46313364055299,60.93660765276985,58.15402038505096,59.1589861751152,58.65219874357509,49.54621848739496,47.71770799611525,48.614775725593674,46.285714285714285,44.57753318225963,45.4155672823219,62.968005445881545,61.339522546419104,62.14309707759489,61.06194690265486,59.48275862068966,60.26200873362445,52.900763358778626,49.34140263438947,51.059126911033346,49.88549618320611,46.529013883944465,48.14883035549825
BKEE,OneIE,bert-base-multilingual-cased,42,24,23,,not_available_in_archived_epoch_log,upstream_bkee,percent,False,weights_only_resume,58.072916666666664,64.22811059907833,60.99562363238512,55.93749999999999,61.866359447004605,58.7527352297593,48.600836281762625,48.91550663645193,48.75766376250403,45.32003859761981,45.613467141469734,45.46627944498225,59.97521685254027,64.19098143236074,62.01153106982703,58.24039653035935,62.3342175066313,60.217809096732864,52.83778835591358,51.370594517621925,52.093862815884485,49.76199194434273,48.380206479174085,49.061371841155236
BKEE,OneIE,bert-base-multilingual-cased,42,25,24,,not_available_in_archived_epoch_log,upstream_bkee,percent,False,weights_only_resume,57.0766855378281,63.882488479262676,60.28812177222071,54.50334534225425,61.00230414746544,57.56999184561021,47.0074812967581,48.81838782777598,47.895823407972046,44.108478802992515,45.80770475882163,44.9420358901064,59.45779420825632,63.9920424403183,61.641648035771325,57.301293900184845,61.6710875331565,59.405940594059416,50.94541562611488,50.836596653613384,50.89094796863864,48.269711023902964,48.16660733357067,48.21810406272274
BKEE,OneIE,bert-base-multilingual-cased,42,26,25,,not_available_in_archived_epoch_log,upstream_bkee,percent,False,weights_only_resume,55.38160469667319,65.2073732718894,59.8941798941799,53.18003913894324,62.615207373271886,57.51322751322752,46.867612293144205,51.3434768533506,49.003553221072146,44.001182033096924,48.203302039494986,46.00648849065348,58.921161825726145,65.91511936339522,62.222222222222236,56.72791938352104,63.46153846153846,59.90610328638497,49.89816700610998,52.33179067283731,51.08601216333623,47.14867617107943,49.44820220719117,48.271068635968724
BKEE,OneIE,bert-base-multilingual-cased,42,27,26,,not_available_in_archived_epoch_log,upstream_bkee,percent,False,weights_only_resume,57.32022762545267,63.824884792626726,60.3979285908967,54.83704086911536,61.05990783410138,57.78141182883619,47.83549783549784,50.08093234056329,48.93246876482682,44.774273345701914,46.87601165425704,45.80104380831884,59.77791486736582,64.25729442970822,61.93672099712367,57.61875385564467,61.936339522546426,59.69958453179931,51.384083044982695,52.86578853684585,52.11440603614669,48.615916955017305,50.01779992880029,49.306895946657306
BKEE,OneIE,bert-base-multilingual-cased,42,28,27,,not_available_in_archived_epoch_log,upstream_bkee,percent,False,weights_only_resume,57.98847564169722,63.76728110599078,60.74074074074075,55.36930330015715,60.88709677419355,57.99725651577503,47.301394784718006,50.50178051149239,48.8492249882574,44.14796846573681,47.134995144059566,45.592609989040234,60.26038437693738,64.45623342175067,62.28772829221404,58.09051456912585,62.135278514588855,60.04485741749439,50.95890410958904,52.97258810964755,51.94623843602722,48.35616438356165,50.26699893200427,49.29307034386455
BKEE,OneIE,bert-base-multilingual-cased,42,29,28,,not_available_in_archived_epoch_log,upstream_bkee,percent,False,weights_only_resume,56.93170234454639,64.34331797235023,60.41103299080584,54.58715596330275,61.693548387096776,57.92320173066522,49.74958263772955,48.2356749757203,48.980933596318216,46.51085141903172,45.095500161864685,45.7922419460881,59.45945945945946,64.19098143236074,61.73469387755102,57.37100737100738,61.936339522546426,59.56632653061226,53.30841121495327,50.765396938412245,52.00583515681985,50.691588785046726,48.27340690637237,49.45295404814004
BKEE,OneIE,bert-base-multilingual-cased,42,30,29,,not_available_in_archived_epoch_log,upstream_bkee,percent,True,weights_only_resume,58.519324986390856,61.923963133640555,60.17352364959417,56.23298856831791,59.504608294930875,57.82255807444724,49.77154046997389,49.36872774360634,49.56931578091987,46.83420365535248,46.45516348332794,46.64391353811149,61.41581632653062,63.85941644562334,62.61378413524058,59.50255102040817,61.87002652519894,60.66319895968791,53.51851851851852,51.44179423282307,52.459611544744966,51.03703703703704,49.056603773584904,50.02722817208205
VHE,OneIE,bert-base-multilingual-cased,42,1,0,,not_available_in_archived_epoch_log,projected,percent,False,continuous,79.12457912457911,44.25612052730697,56.763285024154584,76.43097643097643,42.749529190207156,54.830917874396135,68.0064308681672,32.5635103926097,44.03956272774597,61.89710610932476,29.638183217859893,40.083289953149404,79.49526813880126,48.64864864864865,60.359281437125745,77.91798107255521,47.68339768339768,59.16167664670658,66.2704309063893,35.651478816946444,46.361746361746356,59.286775631500745,31.894484412470025,41.476091476091476
VHE,OneIE,bert-base-multilingual-cased,42,2,1,,not_available_in_archived_epoch_log,projected,percent,False,continuous,77.41935483870968,63.2768361581921,69.63730569948187,74.65437788018433,61.016949152542374,67.15025906735752,76.15207373271889,50.88529638183218,61.00599907706506,68.89400921658986,46.03541185527329,55.19150899861559,76.19047619047619,64.86486486486487,70.07299270072993,72.56235827664399,61.77606177606177,66.7361835245047,70.85308056872039,47.8017585931255,57.08830548926015,65.87677725118483,44.44444444444444,53.078758949880665
VHE,OneIE,bert-base-multilingual-cased,42,3,2,,not_available_in_archived_epoch_log,projected,percent,False,continuous,75.68181818181819,62.71186440677966,68.5890834191555,72.5,60.075329566855,65.70545829042226,71.87141216991964,48.19091608929946,57.69585253456222,64.52353616532722,43.26404926866821,51.79723502304148,79.69094922737307,69.6911196911197,74.35633367662203,77.70419426048565,67.95366795366795,72.50257466529351,77.03703703703704,49.88009592326139,60.55312954876274,68.76543209876543,44.524380495603516,54.051431344007774
VHE,OneIE,bert-base-multilingual-cased,42,4,3,,not_available_in_archived_epoch_log,projected,percent,False,continuous,74.25742574257426,70.62146892655367,72.3938223938224,70.89108910891089,67.41996233521658,69.1119691119691,67.0864819479429,61.50885296381831,64.17670682730923,60.789252728799326,55.73518090839107,58.15261044176706,76.38888888888889,74.32432432432432,75.34246575342465,72.42063492063492,70.46332046332047,71.42857142857143,67.26959517657191,62.43005595523581,64.75953565505803,61.5848406546081,57.154276578737004,59.28689883913765
VHE,OneIE,bert-base-multilingual-cased,42,5,4,,not_available_in_archived_epoch_log,projected,percent,False,continuous,74.8995983935743,70.24482109227873,72.49757045675412,71.6867469879518,67.2316384180791,69.38775510204081,73.47294938917976,64.81909160892995,68.87525562372188,65.44502617801047,57.736720554272516,61.34969325153374,75.7455268389662,73.55212355212355,74.63271302644465,72.16699801192843,70.07722007722008,71.10675808031341,70.29109589041096,65.62749800159871,67.87928896238114,63.4417808219178,59.2326139088729,61.26498553121124
VHE,OneIE,bert-base-multilingual-cased,42,6,5,,not_available_in_archived_epoch_log,projected,percent,False,continuous,77.3469387755102,71.37476459510358,74.24094025465232,74.6938775510204,68.92655367231639,71.69441723800195,69.44226237234878,68.05234795996921,68.7402799377916,61.90102120974077,60.662047729022326,61.27527216174183,78.41140529531569,74.32432432432432,76.31318136769077,76.57841140529531,72.58687258687259,74.52923686818632,68.15181518151815,66.02717825739408,67.07267559886316,58.333333333333336,56.514788169464424,57.40966301258628
VHE,OneIE,bert-base-multilingual-cased,42,7,6,,not_available_in_archived_epoch_log,projected,percent,False,continuous,78.36134453781513,70.24482109227873,74.08142999006952,74.78991596638656,67.04331450094162,70.70506454816287,74.91134751773049,65.05003849114703,69.6332921302019,67.4645390070922,58.58352578906852,62.711166048619695,79.5031055900621,74.13127413127413,76.72327672327673,76.60455486542443,71.42857142857143,73.92607392607393,73.01161751563896,65.30775379696243,68.94514767932489,67.828418230563,60.671462829736214,64.05063291139241
VHE,OneIE,bert-base-multilingual-cased,42,8,7,,not_available_in_archived_epoch_log,projected,percent,False,continuous,78.72340425531915,69.6798493408663,73.92607392607393,76.80851063829788,67.984934086629,72.12787212787212,77.25598526703499,64.58814472671286,70.35639412997904,69.70534069981585,58.275596612779054,63.48008385744235,79.36170212765957,72.00772200772201,75.50607287449392,77.23404255319149,70.07722007722008,73.48178137651821,72.96564195298373,64.5083932853717,68.47687738650826,64.73779385171791,57.234212629896085,60.75519728468392
VHE,OneIE,bert-base-multilingual-cased,42,9,8,,not_available_in_archived_epoch_log,projected,percent,False,continuous,75.09363295880149,75.51789077212806,75.30516431924882,71.53558052434457,71.939736346516,71.73708920187794,73.83573243014393,67.12856043110085,70.32258064516128,67.73920406435224,61.585835257890686,64.51612903225806,74.5136186770428,73.93822393822393,74.22480620155038,71.40077821011673,70.84942084942085,71.12403100775194,69.85230234578627,64.26858513189448,66.94421315570358,64.63944396177237,59.47242206235012,61.94837635303912
VHE,OneIE,bert-base-multilingual-cased,42,10,9,,not_available_in_archived_epoch_log,projected,percent,False,continuous,74.53183520599251,74.95291902071564,74.74178403755869,71.91011235955057,72.31638418079096,72.11267605633803,73.36377473363774,74.21093148575828,73.78492154611557,64.07914764079148,64.81909160892995,64.44699579027937,75.52581261950286,76.25482625482626,75.88856868395773,72.46653919694073,73.16602316602317,72.81460134486072,70.74721780604133,71.14308553157474,70.94459944200877,61.208267090620026,61.55075939248601,61.37903547229973
VHE,OneIE,bert-base-multilingual-cased,42,11,10,,not_available_in_archived_epoch_log,projected,percent,False,continuous,72.3826714801444,75.51789077212806,73.91705069124424,70.03610108303249,73.06967984934086,71.52073732718893,70.9832134292566,68.36027713625866,69.6470588235294,64.66826538768984,62.278675904541956,63.450980392156865,73.26007326007326,77.22007722007721,75.18796992481204,69.78021978021978,73.55212355212355,71.61654135338347,64.9164677804296,65.22781774580336,65.07177033492823,60.54097056483692,60.83133493205436,60.68580542264752
VHE,OneIE,bert-base-multilingual-cased,42,12,11,,not_available_in_archived_epoch_log,projected,percent,False,continuous,74.7148288973384,74.01129943502825,74.36140018921475,72.43346007604563,71.75141242937853,72.09082308420057,69.26040061633282,69.20708237105467,69.23373122834039,62.557781201849,62.509622786759046,62.53369272237197,74.7148288973384,75.86872586872587,75.28735632183907,71.86311787072243,72.97297297297297,72.41379310344827,66.2420382165605,66.50679456434852,66.3741523733546,60.98726114649682,61.23101518784972,61.10889509373754
VHE,OneIE,bert-base-multilingual-cased,42,13,12,,not_available_in_archived_epoch_log,projected,percent,False,continuous,77.91411042944786,71.75141242937853,74.70588235294117,75.4601226993865,69.49152542372882,72.35294117647058,76.14035087719299,66.82063125481139,71.17671176711767,69.56140350877193,61.04695919938414,65.02665026650267,78.80658436213992,73.93822393822393,76.29482071713149,75.92592592592592,71.23552123552123,73.50597609561753,72.01458523245215,63.14948041566747,67.29131175468484,64.9954421148587,56.99440447641887,60.732538330494044
VHE,OneIE,bert-base-multilingual-cased,42,14,13,,not_available_in_archived_epoch_log,projected,percent,False,continuous,75.95959595959596,70.80979284369114,73.29434697855751,71.31313131313132,66.47834274952919,68.81091617933724,73.15555555555555,63.35642802155505,67.9042904290429,68.35555555555555,59.19938414164743,63.448844884488466,76.10441767068274,73.16602316602317,74.60629921259842,73.09236947791165,70.27027027027027,71.65354330708661,71.86629526462396,61.87050359712231,66.49484536082475,68.15227483751161,58.6730615507594,63.05841924398625
VHE,OneIE,bert-base-multilingual-cased,42,15,14,,not_available_in_archived_epoch_log,projected,percent,False,continuous,74.61538461538461,73.06967984934086,73.83444338725023,72.3076923076923,70.80979284369114,71.55090390104661,73.89078498293516,66.66666666666666,70.09307972480777,68.25938566552901,61.585835257890686,64.75111290975313,74.66666666666667,75.67567567567568,75.16778523489933,71.61904761904762,72.58687258687259,72.09971236816874,70.51056338028168,64.02877697841727,67.11353162966066,65.84507042253522,59.79216626698641,62.67281105990784
VHE,OneIE,bert-base-multilingual-cased,42,16,15,,not_available_in_archived_epoch_log,projected,percent,False,continuous,75.60975609756098,75.89453860640302,75.75187969924812,73.54596622889305,73.82297551789078,73.68421052631578,70.63492063492063,68.51424172440339,69.55842125830402,64.28571428571429,62.355658198614314,63.30597889800704,75.47169811320755,77.22007722007721,76.33587786259542,72.83018867924528,74.5173745173745,73.66412213740458,65.24879614767255,64.98800959232614,65.11814177012414,60.75441412520064,60.51159072741806,60.6327593111734
VHE,OneIE,bert-base-multilingual-cased,42,17,16,,not_available_in_archived_epoch_log,projected,percent,False,continuous,75.09363295880149,75.51789077212806,75.30516431924882,72.28464419475655,72.69303201506591,72.48826291079811,73.37133550488599,69.36104695919938,71.30985358132172,66.85667752442997,63.202463433410315,64.97823506133756,77.41312741312741,77.41312741312741,77.4131274131274,74.9034749034749,74.9034749034749,74.9034749034749,70.63829787234043,66.34692246203038,68.42539159109646,65.87234042553192,61.87050359712231,63.80873866446826
VHE,OneIE,bert-base-multilingual-cased,42,18,17,,not_available_in_archived_epoch_log,projected,percent,False,continuous,77.0,72.50470809792844,74.68477206595537,74.8,70.4331450094162,72.55092143549952,73.62068965517241,65.7428791377983,69.45912972753152,68.62068965517241,61.27790608160123,64.74176494509963,77.0,74.32432432432432,75.6385068762279,73.8,71.23552123552123,72.4950884086444,70.54673721340387,63.94884092725819,67.0859538784067,63.580246913580254,57.63389288569145,60.46121593291406
VHE,OneIE,bert-base-multilingual-cased,42,19,18,,not_available_in_archived_epoch_log,projected,percent,False,continuous,78.28685258964143,74.01129943502825,76.0890609874153,76.49402390438247,72.31638418079096,74.34656340755083,73.87862796833772,64.66512702078522,68.96551724137932,68.68953386103782,60.12317167051579,64.12151067323481,77.60000000000001,74.9034749034749,76.22789783889979,74.2,71.62162162162163,72.88801571709233,68.98395721925134,61.87050359712231,65.2338811630847,64.88413547237076,58.19344524380495,61.35693215339233
VHE,OneIE,bert-base-multilingual-cased,42,20,19,,not_available_in_archived_epoch_log,projected,percent,False,continuous,75.72254335260115,74.01129943502825,74.85714285714286,73.98843930635837,72.31638418079096,73.14285714285714,76.56940760389035,66.66666666666666,71.27572016460906,69.84969053934572,60.81601231716706,65.02057613168725,74.90272373540856,74.32432432432432,74.6124031007752,71.59533073929961,71.04247104247105,71.31782945736434,71.04779411764706,61.79056754596323,66.09662248824284,66.45220588235294,57.793764988009585,61.82129115006413
VHE,OneIE,bert-base-multilingual-cased,42,21,20,,not_available_in_archived_epoch_log,projected,percent,False,continuous,76.25482625482626,74.3879472693032,75.30981887511918,73.93822393822393,72.12806026365348,73.02192564346997,73.05025996533796,64.8960739030023,68.73216469629027,68.89081455805892,61.20092378752887,64.81858948226662,75.92954990215264,74.9034749034749,75.41302235179785,72.99412915851272,72.00772200772201,72.49757045675415,69.12928759894459,62.829736211031175,65.82914572864323,64.20404573438874,58.3533173461231,61.13902847571189
VHE,OneIE,bert-base-multilingual-cased,42,22,21,,not_available_in_archived_epoch_log,projected,percent,False,continuous,74.72324723247232,76.27118644067797,75.48928238583412,72.32472324723247,73.82297551789078,73.06616961789373,74.71264367816092,65.05003849114703,69.54732510288065,70.55702917771883,61.43187066974596,65.679012345679,74.01869158878505,76.44787644787645,75.21367521367522,71.02803738317756,73.35907335907336,72.1747388414055,69.59578207381371,63.30935251798561,66.30389284219338,65.20210896309314,59.31254996003198,62.11804102134785
VHE,OneIE,bert-base-multilingual-cased,42,23,22,,not_available_in_archived_epoch_log,projected,percent,False,continuous,77.60314341846758,74.3879472693032,75.96153846153845,75.83497053045186,72.69303201506591,74.23076923076923,75.2858399296394,65.89684372594303,70.27914614121511,70.18469656992085,61.43187066974596,65.51724137931035,76.83168316831683,74.9034749034749,75.8553274682307,73.46534653465346,71.62162162162163,72.53176930596284,69.35201401050787,63.30935251798561,66.1930631007104,64.71103327495622,59.07274180655475,61.76347680735479
VHE,OneIE,bert-base-multilingual-cased,42,24,23,,not_available_in_archived_epoch_log,projected,percent,False,continuous,76.37051039697542,76.08286252354048,76.22641509433961,73.91304347826086,73.6346516007533,73.77358490566037,72.25,66.74364896073904,69.38775510204083,67.58333333333333,62.43264049268669,64.90596238495398,76.08695652173914,74.32432432432432,75.1953125,73.3201581027668,71.62162162162163,72.4609375,70.1923076923077,64.18864908073542,67.05636743215032,66.25874125874127,60.59152677857714,63.29853862212944
VHE,OneIE,bert-base-multilingual-cased,42,25,24,,not_available_in_archived_epoch_log,projected,percent,False,continuous,74.11545623836126,74.95291902071564,74.53183520599251,71.88081936685289,72.69303201506591,72.28464419475655,74.0,65.51193225558121,69.4977541853818,69.47826086956522,61.50885296381831,65.25112290730911,74.61832061068702,75.4826254826255,75.04798464491363,71.7557251908397,72.58687258687259,72.16890595009596,70.94774136403898,64.02877697841727,67.31092436974791,66.60761736049602,60.1119104716227,63.19327731092438
VHE,OneIE,bert-base-multilingual-cased,42,26,25,,not_available_in_archived_epoch_log,projected,percent,False,continuous,76.19047619047619,75.32956685499059,75.75757575757576,74.28571428571429,73.44632768361582,73.86363636363636,73.85008517887563,66.74364896073904,70.11726647796198,68.99488926746167,62.355658198614314,65.50748079255965,74.70817120622569,74.13127413127413,74.4186046511628,71.59533073929961,71.04247104247105,71.31782945736434,70.2276707530648,64.10871302957634,67.02883409945673,66.19964973730298,60.431654676258994,63.184287505223566
VHE,OneIE,bert-base-multilingual-cased,42,27,26,,not_available_in_archived_epoch_log,projected,percent,True,continuous,78.08764940239044,73.82297551789078,75.89545014520814,76.09561752988047,71.939736346516,73.95934172313649,74.8663101604278,64.66512702078522,69.39281288723667,71.03386809269162,61.354888375673596,65.84056175134242,77.66599597585513,74.5173745173745,76.05911330049261,74.64788732394366,71.62162162162163,73.10344827586208,71.25912408759125,62.43005595523581,66.55304644226673,67.06204379562044,58.752997601918466,62.63314870046869
VHE,OneIE,bert-base-multilingual-cased,42,28,27,,not_available_in_archived_epoch_log,projected,percent,False,continuous,77.56286266924565,75.51789077212806,76.52671755725191,75.62862669245648,73.6346516007533,74.61832061068702,74.24633936261843,66.35873749037722,70.08130081300813,69.68130921619293,62.278675904541956,65.77235772357724,76.7578125,75.86872586872587,76.31067961165047,73.6328125,72.77992277992279,73.20388349514563,69.51219512195121,63.78896882494005,66.5277198832847,65.41811846689896,60.03197442046363,62.6094205919133
VHE,OneIE,bert-base-multilingual-cased,42,29,28,,not_available_in_archived_epoch_log,projected,percent,False,continuous,76.31578947368422,76.45951035781545,76.38758231420509,74.24812030075188,74.3879472693032,74.31796801505173,73.28825021132714,66.74364896073904,69.86301369863014,68.89264581572274,62.74056966897613,65.67284448025785,75.28735632183908,75.86872586872587,75.57692307692308,72.41379310344827,72.97297297297297,72.6923076923077,69.80155306298533,64.66826538768984,67.13692946058092,65.40120793787749,60.59152677857714,62.90456431535271
VHE,OneIE,bert-base-multilingual-cased,42,30,29,,not_available_in_archived_epoch_log,projected,percent,False,continuous,77.24665391969407,76.08286252354048,76.66034155597723,75.52581261950286,74.3879472693032,74.95256166982922,73.61229718189581,66.35873749037722,69.79757085020243,69.17164816396243,62.355658198614314,65.58704453441297,76.31067961165049,75.86872586872587,76.08906098741531,73.59223300970874,73.16602316602317,73.37850919651501,70.20157756354075,64.02877697841727,66.9732441471572,65.99474145486415,60.19184652278178,62.95986622073578
PHEE,OneIE,bert-base-multilingual-cased,42,1,0,,not_available_in_archived_epoch_log,projected,percent,False,continuous,77.68014059753953,44.28857715430862,56.41352903637523,77.15289982425307,43.987975951903806,56.03063178047224,64.96619545175169,29.607843137254903,40.67731383490475,55.99262446220037,25.518207282913163,35.05868770444487,73.72013651877133,42.94234592445328,54.2713567839196,73.20819112627987,42.6441351888668,53.89447236180905,63.23185011709602,29.67032967032967,40.38893044128646,55.56206088992974,26.071428571428573,35.48990276738968
PHEE,OneIE,bert-base-multilingual-cased,42,2,1,,not_available_in_archived_epoch_log,projected,percent,False,continuous,75.10094212651414,55.91182364729459,64.10109132682368,74.02422611036339,55.11022044088176,63.182079264790346,71.69546940681924,42.997198879551824,53.75590964804764,64.78281177020084,38.8515406162465,48.5729294344248,73.72549019607844,56.063618290258454,63.69282891022022,73.20261437908496,55.666003976143145,63.24110671936758,71.6770740410348,44.14835164835165,54.64127847670861,65.29884032114184,40.21978021978022,49.77898673920435
PHEE,OneIE,bert-base-multilingual-cased,42,3,2,,not_available_in_archived_epoch_log,projected,percent,False,continuous,74.1504854368932,61.22244488977956,67.06915477497255,72.93689320388349,60.22044088176352,65.9714599341383,66.75053918044573,52.01680672268908,58.469773299748105,58.519051042415526,45.602240896358545,51.25944584382872,72.72727272727273,62.02783300198808,66.95278969957081,72.02797202797203,61.431411530815105,66.30901287553648,67.22775678461011,53.76373626373626,59.74660357197374,59.532806595671595,47.60989010989011,52.90795298427721
PHEE,OneIE,bert-base-multilingual-cased,42,4,3,,not_available_in_archived_epoch_log,projected,percent,False,continuous,74.71910112359551,66.63326653306613,70.44491525423729,73.03370786516854,65.13026052104209,68.85593220338983,67.72756206238066,59.6078431372549,63.40882002383791,59.516231699554424,52.38095238095239,55.72109654350418,72.13656387665198,65.10934393638172,68.44305120167189,70.92511013215858,64.01590457256461,67.29362591431557,68.05988771054274,59.94505494505494,63.74525270230792,60.19962570180911,53.02197802197802,56.383289512123866
PHEE,OneIE,bert-base-multilingual-cased,42,5,4,,not_available_in_archived_epoch_log,projected,percent,False,continuous,71.78947368421052,68.33667334669339,70.02053388090349,70.73684210526315,67.33466933867736,68.99383983572895,71.92691029900332,60.64425770308123,65.80547112462007,63.72093023255814,53.72549019607843,58.29787234042554,69.94871794871796,67.79324055666004,68.85411408379608,68.51282051282051,66.40159045725646,67.44068652195861,71.34796238244515,62.527472527472526,66.64714494875548,64.07523510971787,56.15384615384615,59.85358711566617
PHEE,OneIE,bert-base-multilingual-cased,42,6,5,,not_available_in_archived_epoch_log,projected,percent,False,continuous,72.0954356846473,69.63927855711422,70.84607543323139,70.4356846473029,68.03607214428857,69.2150866462793,72.07958921694481,62.91316526610644,67.18516302722107,65.34017971758665,57.03081232492997,60.90338019742746,71.45899893503727,66.69980119284294,68.9974293059126,70.39403620873269,65.70576540755468,67.96915167095115,72.03335471456062,61.70329670329671,66.46936963598698,65.4265554842848,56.043956043956044,60.37289138798461
PHEE,OneIE,bert-base-multilingual-cased,42,7,6,,not_available_in_archived_epoch_log,projected,percent,False,continuous,80.69053708439897,63.22645290581163,70.89887640449439,79.53964194373401,62.32464929859719,69.8876404494382,73.69213398569816,54.845938375350144,62.88742572667416,67.18103123823862,50.0,57.330977999036456,75.86206896551724,61.23260437375746,67.76677667766778,75.0,60.536779324055665,66.99669966996701,74.32045779685265,57.08791208791209,64.57426973275325,68.13304721030042,52.33516483516484,59.19825978868863
PHEE,OneIE,bert-base-multilingual-cased,42,8,7,,not_available_in_archived_epoch_log,projected,percent,False,continuous,72.24532224532224,69.63927855711422,70.91836734693877,70.997920997921,68.43687374749499,69.6938775510204,68.54502087060227,64.39775910364146,66.40670132871173,62.373285629099584,58.59943977591037,60.42749855574813,68.81937436932391,67.79324055666004,68.30245368052078,67.6084762865792,66.6003976143141,67.10065097646469,68.56006816245385,66.31868131868131,67.42075129171904,62.45384833854018,60.412087912087905,61.41600335148723
PHEE,OneIE,bert-base-multilingual-cased,42,9,8,,not_available_in_archived_epoch_log,projected,percent,False,continuous,77.57793764988008,64.82965931863728,70.63318777292575,76.378896882494,63.827655310621246,69.54148471615721,73.66906474820144,57.36694677871148,64.50393700787403,66.97841726618705,52.156862745098046,58.645669291338585,73.87706855791963,62.1272365805169,67.49460043196545,73.28605200945626,61.63021868787276,66.95464362850971,74.6746394653535,58.324175824175825,65.4943698904828,69.11712979247274,53.98351648351648,60.62008329477094
PHEE,OneIE,bert-base-multilingual-cased,42,10,9,,not_available_in_archived_epoch_log,projected,percent,False,continuous,80.92643051771117,59.519038076152306,68.59122401847576,79.70027247956402,58.61723446893787,67.55196304849883,73.3596837944664,51.98879551820729,60.852459016393446,66.04743083003952,46.80672268907563,54.78688524590164,77.27272727272727,57.45526838966203,65.90649942987457,76.8716577540107,57.15705765407555,65.56442417331813,74.01574803149606,54.230769230769226,62.59711431742508,66.81664791901012,48.956043956043956,56.50864119232598
PHEE,OneIE,bert-base-multilingual-cased,42,11,10,,not_available_in_archived_epoch_log,projected,percent,False,continuous,76.69543773119607,62.32464929859719,68.76727473742399,75.33908754623921,61.22244488977956,67.55113322277502,72.52384446074835,55.378151260504204,62.80177890724269,66.47101980924431,50.7563025210084,57.560355781448536,72.64150943396226,61.23260437375746,66.45091693635383,71.58018867924528,60.337972166998014,65.48004314994607,72.95532646048109,58.324175824175825,64.82442748091603,66.83848797250859,53.434065934065934,59.38931297709923
PHEE,OneIE,bert-base-multilingual-cased,42,12,11,,not_available_in_archived_epoch_log,projected,percent,False,continuous,71.51965993623804,67.43486973947896,69.41722537390407,70.13815090329437,66.13226452905812,68.07632800412583,69.92125984251969,62.18487394957983,65.82653817642698,62.67716535433071,55.74229691876751,59.00667160859897,70.24185068349105,66.40159045725646,68.2677567705672,69.29547844374343,65.50695825049702,67.34798160449667,72.2154222766218,64.83516483516483,68.326577880718,65.54467564259487,58.84615384615385,62.01505500868558
PHEE,OneIE,bert-base-multilingual-cased,42,13,12,,not_available_in_archived_epoch_log,projected,percent,True,continuous,67.64705882352942,69.13827655310621,68.38453914767095,66.27450980392156,67.73547094188376,66.9970267591675,70.85626911314985,64.90196078431373,67.74853801169591,65.01529051987768,59.55182072829132,62.16374269005848,65.98240469208211,67.09741550695824,66.53523903400689,65.10263929618768,66.2027833001988,65.64810251355347,71.77968611193367,66.59340659340658,69.08935442496794,66.09416641989931,61.31868131868132,63.616930312099186
PHEE,OneIE,bert-base-multilingual-cased,42,14,13,,not_available_in_archived_epoch_log,projected,percent,False,continuous,71.89473684210526,68.43687374749499,70.12320328542094,70.42105263157895,67.03406813627254,68.6858316221766,70.6453634085213,63.16526610644257,66.69624371487726,64.03508771929825,57.25490196078431,60.45548654244307,69.74789915966386,66.00397614314116,67.82431052093973,69.11764705882352,65.4075546719682,67.2114402451481,73.45132743362832,66.12637362637362,69.59664594477375,66.58529142508391,59.94505494505494,63.09093537660835
PHEE,OneIE,bert-base-multilingual-cased,42,15,14,,not_available_in_archived_epoch_log,projected,percent,False,continuous,77.5840597758406,62.4248496993988,69.18378678511938,76.08966376089664,61.22244488977956,67.85119378123265,71.3679745493107,56.554621848739494,63.10360993905299,65.35878402262284,51.79271708683474,57.790279731208,74.96947496947497,61.0337972166998,67.28767123287672,73.992673992674,60.238568588469185,66.41095890410959,71.78535268309146,58.434065934065934,64.42526124488869,65.67667904151197,53.46153846153846,58.942904740269576
PHEE,OneIE,bert-base-multilingual-cased,42,16,15,,not_available_in_archived_epoch_log,projected,percent,False,continuous,74.7072599531616,63.92785571142284,68.89848812095033,73.53629976580797,62.925851703406806,67.81857451403889,71.16788321167883,60.08403361344538,65.15795868772783,65.22893165228932,55.070028011204485,59.72053462940462,72.2794959908362,62.72365805168986,67.16338477913783,71.47766323024055,62.02783300198808,66.41830761043109,72.72727272727273,62.857142857142854,67.43295019157088,67.0057215511761,57.91208791208792,62.12791040377248
PHEE,OneIE,bert-base-multilingual-cased,42,17,16,,not_available_in_archived_epoch_log,projected,percent,False,continuous,69.19242273180458,69.53907815631263,69.36531734132933,67.29810568295115,67.63527054108216,67.46626686656671,69.06175771971496,65.15406162464986,67.0510233496685,63.064133016627075,59.49579831932773,61.228019602190834,67.25317693059628,68.389662027833,67.81665845243961,65.88465298142717,66.99801192842942,66.43666830951209,71.15603644646924,68.65384615384616,69.88255033557049,64.72095671981776,62.44505494505495,63.56263982102908
PHEE,OneIE,bert-base-multilingual-cased,42,18,17,,not_available_in_archived_epoch_log,projected,percent,False,continuous,75.52941176470588,64.32865731462925,69.48051948051948,73.88235294117646,62.925851703406806,67.96536796536796,71.7479674796748,59.32773109243698,64.94940202391905,65.58265582655827,54.2296918767507,59.36829193498926,72.22222222222221,62.02783300198808,66.7379679144385,71.18055555555556,61.133200795228625,65.77540106951872,73.43293277037999,62.11538461538461,67.30168179788659,67.42448847028257,57.03296703296703,61.79490995683881
PHEE,OneIE,bert-base-multilingual-cased,42,19,18,,not_available_in_archived_epoch_log,projected,percent,False,continuous,69.23076923076923,65.83166332665331,67.4884437596302,67.65015806111695,64.32865731462925,65.94761171032356,70.40274742428973,63.16526610644257,66.58792263398789,65.15766468935374,58.459383753501406,61.62704857522516,69.07001044932079,65.70576540755468,67.34589913397862,67.92058516196448,64.61232604373758,66.22516556291392,71.72681181031912,66.07142857142857,68.78306878306879,65.94094840441396,60.741758241758234,63.23466323466322
PHEE,OneIE,bert-base-multilingual-cased,42,20,19,,not_available_in_archived_epoch_log,projected,percent,False,continuous,72.9490022172949,65.93186372745491,69.26315789473685,71.3968957871397,64.52905811623246,67.78947368421053,70.08520037866835,62.212885154061624,65.91482415788693,64.72073209214263,57.45098039215686,60.8695652173913,70.19650655021834,63.916500994035786,66.90946930280958,69.21397379912663,63.02186878727635,65.9729448491155,70.8445240226798,65.21978021978022,67.9158918609641,65.20441659206207,60.027472527472526,62.50894006579889
PHEE,OneIE,bert-base-multilingual-cased,42,21,20,,not_available_in_archived_epoch_log,projected,percent,False,continuous,73.68421052631578,64.52905811623246,68.8034188034188,72.19679633867277,63.22645290581163,67.41452991452992,71.43326758711373,60.86834733893557,65.72897761645493,65.68047337278107,55.96638655462185,60.435571687840294,70.02212389380531,62.92246520874751,66.28272251308901,69.35840707964603,62.32604373757455,65.65445026178011,72.3651191969887,63.379120879120876,67.57469244288225,66.06022584692597,57.85714285714286,61.6871704745167
PHEE,OneIE,bert-base-multilingual-cased,42,22,21,,not_available_in_archived_epoch_log,projected,percent,False,continuous,71.58006362672322,67.63527054108216,69.55177743431221,70.09544008483563,66.23246492985973,68.10922205048944,70.82426127527216,63.78151260504201,67.11864406779661,64.23017107309487,57.84313725490197,60.86956521739131,69.27083333333334,66.10337972166998,67.6500508646999,68.33333333333333,65.20874751491054,66.73448626653102,72.15674720094285,67.28021978021978,69.63321012226329,65.85150265173836,61.401098901098905,63.548478817173724
PHEE,OneIE,bert-base-multilingual-cased,42,23,22,,not_available_in_archived_epoch_log,projected,percent,False,continuous,72.73718647764449,66.83366733466933,69.66057441253263,71.42857142857143,65.6312625250501,68.40731070496085,68.73846153846154,62.57703081232493,65.51319648093842,63.815384615384616,58.0952380952381,60.82111436950146,70.04310344827587,64.61232604373758,67.21820062047571,68.96551724137932,63.618290258449306,66.18407445708377,69.2467378410439,64.14835164835165,66.6001140901312,63.55278766310795,58.87362637362637,61.123787792355955
PHEE,OneIE,bert-base-multilingual-cased,42,24,23,,not_available_in_archived_epoch_log,projected,percent,False,continuous,74.05714285714285,64.92985971943888,69.19380672717566,72.68571428571428,63.727454909819635,67.91243993593167,71.3953488372093,60.19607843137255,65.31914893617021,66.0797342192691,55.714285714285715,60.45592705167174,70.09966777408638,62.92246520874751,66.31744368779466,69.21373200442967,62.1272365805169,65.47930853850184,71.42857142857143,62.637362637362635,66.7447306791569,65.85213032581454,57.747252747252745,61.53395784543325
PHEE,OneIE,bert-base-multilingual-cased,42,25,24,,not_available_in_archived_epoch_log,projected,percent,False,continuous,71.11344537815127,67.83567134268537,69.43589743589743,69.53781512605042,66.33266533066133,67.8974358974359,69.87914471645492,63.16526610644257,66.35280270707665,64.1462658816238,57.98319327731093,60.90922465793733,68.29521829521829,65.30815109343936,66.76829268292683,67.77546777546777,64.81113320079523,66.26016260162602,70.69781194559432,65.68681318681318,68.10025633722586,65.0206978119456,60.412087912087905,62.63172885217886
PHEE,OneIE,bert-base-multilingual-cased,42,26,25,,not_available_in_archived_epoch_log,projected,percent,False,continuous,72.48104008667389,67.03406813627254,69.65122332118688,70.96424702058505,65.6312625250501,68.19364914107237,71.26400000000001,62.38095238095238,66.52725914861838,66.01599999999999,57.78711484593837,61.628080657206866,69.6774193548387,64.41351888667992,66.94214876033058,68.9247311827957,63.71769383697813,66.21900826446281,71.41984732824427,64.25824175824177,67.65003615328995,65.89312977099236,59.285714285714285,62.41503976861894
PHEE,OneIE,bert-base-multilingual-cased,42,27,26,,not_available_in_archived_epoch_log,projected,percent,False,continuous,71.72717271727173,65.33066132264528,68.37965390665967,70.07700770077008,63.827655310621246,66.80650235972732,70.98726114649682,62.436974789915965,66.4381520119225,65.19108280254777,57.33893557422969,61.013412816691506,69.84815618221259,64.01590457256461,66.80497925311202,69.08893709327549,63.32007952286283,66.07883817427386,71.90807378288478,65.32967032967034,68.46120627609041,66.04172966434835,60.0,62.87606160932777
PHEE,OneIE,bert-base-multilingual-cased,42,28,27,,not_available_in_archived_epoch_log,projected,percent,False,continuous,72.42524916943522,65.53106212424849,68.80589163598107,70.98560354374308,64.22845691382766,67.43819042609152,71.10969387755102,62.46498599439776,66.50760512973456,65.625,57.647058823529406,61.37787056367432,69.4840834248079,62.92246520874751,66.04068857589985,68.6059275521405,62.1272365805169,65.20605112154408,71.86451022276472,64.6978021978022,68.09310394679775,66.09703997558742,59.505494505494504,62.62830706953883
PHEE,OneIE,bert-base-multilingual-cased,42,29,28,,not_available_in_archived_epoch_log,projected,percent,False,continuous,72.59825327510917,66.63326653306613,69.48798328108673,71.06986899563319,65.23046092184369,68.02507836990596,70.94530509010433,62.857142857142854,66.65676518639536,65.47581410053746,58.011204481792724,61.51789692559038,69.26360725720384,64.51292246520875,66.80391147709727,68.30309498399146,63.618290258449306,65.87750900669069,71.82254196642685,65.82417582417582,68.69266055045871,66.24700239808153,60.71428571428571,63.36009174311926
PHEE,OneIE,bert-base-multilingual-cased,42,30,29,,not_available_in_archived_epoch_log,projected,percent,False,continuous,72.41003271537623,66.53306613226452,69.34725848563968,70.88331515812432,65.13026052104209,67.88511749347258,70.6675023503604,63.16526610644257,66.70610856382191,65.27734252585397,58.347338935574236,61.61810383079427,69.41176470588235,64.51292246520875,66.87274600721277,68.44919786096256,63.618290258449306,65.94538897475528,71.56128258915193,65.6043956043956,68.45349003869859,65.95744680851064,60.467032967032964,63.093019922602835
GENEVA,OneIE,bert-base-multilingual-cased,42,1,0,,not_available_in_archived_epoch_log,projected,percent,False,continuous,88.42105263157895,11.650485436893204,20.588235294117645,78.94736842105263,10.402219140083217,18.382352941176467,75.0,0.2944062806673209,0.5865102639296188,75.0,0.2944062806673209,0.5865102639296188,92.23744292237443,10.682178741406663,19.14691943127962,81.7351598173516,9.465891062929668,16.966824644549764,75.0,0.1156515034695451,0.23094688221709006,75.0,0.1156515034695451,0.23094688221709006
GENEVA,OneIE,bert-base-multilingual-cased,42,2,1,,not_available_in_archived_epoch_log,projected,percent,False,continuous,83.15508021390374,64.70180305131763,72.77691107644306,75.22281639928698,58.52981969486824,65.83463338533541,34.78260869565217,2.355250245338567,4.411764705882353,26.811594202898554,1.815505397448479,3.4007352941176467,82.78388278388277,59.7567424643046,69.4103194103194,76.33699633699634,55.103120042305655,64.004914004914,27.411167512690355,2.081727062451812,3.869580795413831,17.258883248730964,1.310717039321511,2.4364027230383374
GENEVA,OneIE,bert-base-multilingual-cased,42,3,2,,not_available_in_archived_epoch_log,projected,percent,False,continuous,79.47255880256593,77.32316227461858,78.38312829525483,73.55666429080541,71.56726768377254,72.54833040421792,35.909822866344605,10.942100098135427,16.773223016171492,23.67149758454106,7.212953876349363,11.056788266265514,80.84246970571265,74.08778424114224,77.31788079470199,75.64916330063474,69.32839767318879,72.35099337748345,31.266149870801037,9.329221279876638,14.370546318289787,21.44702842377261,6.399383191981496,9.85748218527316
GENEVA,OneIE,bert-base-multilingual-cased,42,4,3,,not_available_in_archived_epoch_log,projected,percent,False,continuous,79.77606717984604,79.05686546463245,79.4148380355277,75.29741077676697,74.61858529819695,74.95646116335773,41.42857142857143,17.075564278704615,24.18346073662266,27.023809523809522,11.138370951913641,15.774843641417652,82.9408385985066,76.36171337916447,79.51541850220264,77.02469844916715,70.9148598625066,73.84361233480176,38.1094527363184,14.764841942945258,21.28368991386496,22.885572139303484,8.866615265998458,12.781328146707418
GENEVA,OneIE,bert-base-multilingual-cased,42,5,4,,not_available_in_archived_epoch_log,projected,percent,False,continuous,81.01623147494708,79.6116504854369,80.30779993004549,77.2759350741002,75.93619972260748,76.60020986358866,37.708565072302555,16.633954857703632,23.084780388151174,25.027808676307007,11.040235525024533,15.321756894790603,84.5037724898433,76.9962982548916,80.57553956834532,80.0348229831689,72.92437863564251,76.31433314886551,33.60655737704918,14.225134926754048,19.989165763813652,21.85792349726776,9.252120277563607,13.001083423618635
GENEVA,OneIE,bert-base-multilingual-cased,42,6,5,,not_available_in_archived_epoch_log,projected,percent,False,continuous,79.97293640054127,81.96948682385575,80.95890410958904,76.45466847090663,78.36338418862691,77.3972602739726,41.312741312741316,15.75073601570167,22.806394316163413,28.82882882882883,10.99116781157998,15.914742451154531,82.74139844617092,78.84717080909572,80.74735987002437,79.30077691453941,75.56848228450555,77.38965610614676,37.71486349848331,14.379336931380108,20.82054144571588,26.39029322548028,10.061680801850423,14.56879709740441
GENEVA,OneIE,bert-base-multilingual-cased,42,7,6,,not_available_in_archived_epoch_log,projected,percent,False,continuous,81.99718706047821,80.85991678224687,81.42458100558659,77.77777777777779,76.69902912621359,77.23463687150839,33.71335504885993,30.471050049067717,32.01030927835052,22.964169381107492,20.755642787046124,21.804123711340207,84.67741935483872,77.73664727657325,81.05872622001654,81.16359447004609,74.51084082496034,77.69506479183897,31.832094446873633,28.064764841942946,29.829952878508504,21.33799737647573,18.812644564379337,19.995902479000204
GENEVA,OneIE,bert-base-multilingual-cased,42,8,7,,not_available_in_archived_epoch_log,projected,percent,False,continuous,81.5934065934066,82.38557558945908,81.98757763975155,77.54120879120879,78.29403606102635,77.91580400276052,33.801235261089275,29.538763493621197,31.526577638125165,22.178551375631667,19.381746810598628,20.686043466876146,83.23051037577117,78.47699629825489,80.78388677191072,79.75322490185081,75.19830777366472,77.40881872618401,31.119368323269857,25.828835774865073,28.228354750368656,20.436600092893638,16.962220508866615,18.538024015167473
GENEVA,OneIE,bert-base-multilingual-cased,42,9,8,,not_available_in_archived_epoch_log,projected,percent,False,continuous,80.34414295168763,84.1886269070735,82.2214696918388,76.57180675049636,80.23578363384189,78.36098882492381,38.62887277521424,28.753680078508342,32.9676511954993,28.806855636123927,21.442590775269874,24.585091420534457,82.69650655021834,80.11634056054997,81.38597904915392,78.93013100436681,76.467477525119,77.67929089443997,35.51042810098792,24.94217424826523,29.30253623188406,26.28979143798024,18.4656900539707,21.693840579710145
GENEVA,OneIE,bert-base-multilingual-cased,42,10,9,,not_available_in_archived_epoch_log,projected,percent,False,continuous,81.57181571815718,83.49514563106796,82.52227553118576,77.91327913279133,79.750346740638,78.82111034955449,37.60539629005059,32.82630029440628,35.05370709981661,27.599775154581224,24.09224730127576,25.727010741419964,83.38888888888889,79.37599153886833,81.33297209428339,80.0,76.15018508725542,78.02763478732051,35.31384762817441,28.411719352351582,31.488998077333903,26.20987062769526,21.087124132613724,23.371074556718654
GENEVA,OneIE,bert-base-multilingual-cased,42,11,10,,not_available_in_archived_epoch_log,projected,percent,False,continuous,81.94161575016972,83.70319001386962,82.81303602058317,77.73251866938222,79.40360610263522,78.55917667238421,38.9308541545613,32.87536800785084,35.647778664538436,30.156885531667637,25.46614327772326,27.613727055067837,84.02004454342983,79.79904812268641,81.85516680227828,80.79064587973274,76.7318878900053,78.70897748847301,37.92606817090734,30.45489591364688,33.7823391062647,28.94863178108497,23.245952197378568,25.78576010262989
GENEVA,OneIE,bert-base-multilingual-cased,42,12,11,,not_available_in_archived_epoch_log,projected,percent,False,continuous,81.89890710382514,83.14840499306518,82.51892635925671,77.80054644808743,78.9875173370319,78.38953888506538,40.61952074810053,34.10206084396467,37.07655374766605,31.151373465809467,26.15309126594701,28.434249133102163,84.04494382022472,79.11158117398202,81.50367747207846,79.88764044943821,75.19830777366472,77.47207845273768,38.99280575539568,31.341557440246724,34.75101517418251,30.455635491606714,24.47956823438705,27.142551827313525
GENEVA,OneIE,bert-base-multilingual-cased,42,13,12,,not_available_in_archived_epoch_log,projected,percent,False,continuous,80.70059484467944,84.6740638002774,82.63959390862944,76.86715135492399,80.65187239944521,78.71404399323183,41.8997668997669,35.279685966633956,38.30580713905168,33.50815850815851,28.213935230618254,30.63399041022909,82.96495956873315,81.38551031200423,82.16764548852109,79.29919137466307,77.7895293495505,78.5371062466631,41.27597873368777,32.92212798766384,36.628779755522196,33.44610923151281,26.676946800308404,29.680463221102293
GENEVA,OneIE,bert-base-multilingual-cased,42,14,13,,not_available_in_archived_epoch_log,projected,percent,False,continuous,82.00950441276306,83.77253814147018,82.88164665523155,78.34351663272233,80.02773925104022,79.17667238421954,42.63786242183058,36.80078508341511,39.504872267579664,34.45139283683911,29.735034347399413,31.919936792204375,84.0909090909091,80.2221047065045,82.11096075778079,80.48780487804879,76.78476996298255,78.59269282814616,40.18199233716475,32.34387047031612,35.83938487825715,32.4712643678161,26.137239784117195,28.96198205894917
GENEVA,OneIE,bert-base-multilingual-cased,42,15,14,,not_available_in_archived_epoch_log,projected,percent,False,continuous,81.72757475083057,85.29819694868237,83.4747200542925,78.20598006644518,81.62274618585298,79.87784187309127,42.60544580886278,39.15603532875368,40.807977499360774,34.70368392952483,31.894013738959764,33.23958066990539,83.59417161359957,81.91433104177683,82.74572649572649,80.03237992444684,78.42411422527763,79.22008547008546,38.67883528900478,34.30994602929838,36.36363636363637,31.3342025206432,27.794911333847338,29.45863125638407
GENEVA,OneIE,bert-base-multilingual-cased,42,16,15,,not_available_in_archived_epoch_log,projected,percent,False,continuous,80.6282722513089,85.43689320388349,82.96296296296296,76.76701570680629,81.34535367545077,78.98989898989899,41.05263157894737,36.35917566241413,38.56362217017955,33.739612188365655,29.88223748773307,31.69398907103826,83.29752953813104,82.02009518773136,82.65387689848122,79.64554242749732,78.42411422527763,79.03010924593659,38.30734966592428,33.15343099460293,35.54453399462699,31.314031180400892,27.10100231303007,29.055589997933463
GENEVA,OneIE,bert-base-multilingual-cased,42,17,16,,not_available_in_archived_epoch_log,projected,percent,False,continuous,83.77997179125529,82.38557558945908,83.07692307692307,80.60648801128349,79.26490984743411,79.93006993006992,47.79800352319437,39.94111874386654,43.51777599572307,40.105695830886674,33.51324828263003,36.514300989040365,85.43238537434706,77.84241142252777,81.46098505810735,82.12420197330238,74.8281332628239,78.30658550083011,42.05784732100521,34.19429452582883,37.720603869870295,35.04030346135609,28.48882035466461,31.426748883691264
GENEVA,OneIE,bert-base-multilingual-cased,42,18,17,,not_available_in_archived_epoch_log,projected,percent,False,continuous,81.5086782376502,84.6740638002774,83.06122448979592,77.63684913217624,80.65187239944521,79.1156462585034,43.899840170484815,40.43179587831207,42.09450830140485,36.814064997336175,33.905789990186456,35.30012771392082,83.57883251500273,81.0153358011634,82.27712137486574,79.92362247681397,77.47223691168695,78.67883995703545,40.068056146320714,36.31457208943716,38.099089989888775,34.28328370905997,31.071703932151117,32.598584428715874
GENEVA,OneIE,bert-base-multilingual-cased,42,19,18,,not_available_in_archived_epoch_log,projected,percent,False,continuous,81.84885290148448,84.11927877947295,82.96853625170999,78.13765182186235,80.30513176144244,79.2065663474692,43.84337970118495,41.756624141315015,42.774566473988436,36.42452344152499,34.690873405299314,35.536566976627284,84.21639709983269,79.85193019566367,81.97611292073832,80.92582264361405,76.7318878900053,78.77307274701411,42.21543829044919,37.31688511950655,39.61530591364845,35.71740078499782,31.572860447185814,33.51749539594843
GENEVA,OneIE,bert-base-multilingual-cased,42,20,19,,not_available_in_archived_epoch_log,projected,percent,False,continuous,82.3170731707317,84.25797503467406,83.27621658670323,78.59078590785907,80.44382801664355,79.50651130911584,43.32659251769464,42.05103042198234,42.679282868525895,37.664307381193126,36.55544651619235,37.10159362549801,83.81948266373142,80.53939714436807,82.14670981661274,80.1871216290589,77.04918032786885,78.58683926645091,40.87809036658142,36.969930609097915,38.82591093117409,36.27450980392157,32.8064764841943,34.45344129554656
GENEVA,OneIE,bert-base-multilingual-cased,42,21,20,,not_available_in_archived_epoch_log,projected,percent,False,continuous,82.23281143635126,83.77253814147018,82.99553418069392,78.82913546630361,80.30513176144244,79.5602885606321,44.81260184682238,40.48086359175662,42.53673627223511,38.89190657251494,35.13248282630029,36.91673111626707,84.9971799210378,79.69328397673189,82.25982532751092,81.83869148336154,76.7318878900053,79.20305676855894,42.81867145421903,36.77717810331534,39.568643716300286,36.7145421903052,31.5343099460293,33.92783077561178
GENEVA,OneIE,bert-base-multilingual-cased,42,22,21,,not_available_in_archived_epoch_log,projected,percent,False,continuous,81.69582772543743,84.1886269070735,82.92349726775956,77.79273216689099,80.16643550624133,78.96174863387978,45.557267591165896,43.52306182531894,44.516938519447926,39.03441191576785,37.29146221786065,38.14303638644918,84.10596026490066,80.59227921734532,82.31163921145018,80.84988962472406,77.47223691168695,79.12503375641371,42.65763859500635,38.858905165767155,40.66975993544482,37.19847651290732,33.885890516576715,35.464998991325395
GENEVA,OneIE,bert-base-multilingual-cased,42,23,22,,not_available_in_archived_epoch_log,projected,percent,False,continuous,81.71312032630863,83.35644937586684,82.52660487469963,77.97416723317471,79.54230235783633,78.75042911088225,46.01861427094106,43.6702649656526,44.81369587109768,40.43433298862461,38.37095191364082,39.375629405840876,84.59399332591768,80.43363299841354,82.46137164543235,81.36818687430478,77.36647276573242,79.31688804554081,43.883661248930714,39.55281418658442,41.605839416058394,38.49443969204448,34.69545104086353,36.4963503649635
GENEVA,OneIE,bert-base-multilingual-cased,42,24,23,,not_available_in_archived_epoch_log,projected,percent,False,continuous,81.61764705882352,84.6740638002774,83.11776718856365,78.07486631016043,80.99861303744798,79.50987066031313,48.681996634885024,42.590775269872424,45.43313268777807,42.96130117779024,37.58586849852797,40.094216173776495,83.81629305631493,81.06821787414067,82.41935483870967,80.48113723346091,77.84241142252777,79.13978494623656,45.52036199095023,38.781804163454126,41.881765195670276,40.04524886877828,34.1171935235158,36.8442964196503
GENEVA,OneIE,bert-base-multilingual-cased,42,25,24,,not_available_in_archived_epoch_log,projected,percent,False,continuous,81.48893360160966,84.25797503467406,82.85032390044323,77.93427230046949,80.58252427184466,79.23627684964201,47.47102212855637,44.21000981354269,45.782520325203244,41.88619599578504,39.008832188420016,40.39634146341463,83.76302797586396,80.7509254362771,82.22940226171244,80.36204059243006,77.47223691168695,78.89068389876144,45.09043927648579,40.362374710871244,42.595606183889345,39.14728682170542,35.04240555127217,36.981285598047194
GENEVA,OneIE,bert-base-multilingual-cased,42,26,25,,not_available_in_archived_epoch_log,projected,percent,False,continuous,82.05128205128204,84.32732316227461,83.17373461012312,78.34008097165992,80.5131761442441,79.41176470588235,46.88625836335564,44.700686947988224,45.76739512685255,41.739577972207925,39.793915603532874,40.74353177593569,84.44567015995588,80.96245372818615,82.66738660907129,80.9707666850524,77.63088313061873,79.26565874730022,44.80547242411287,40.40092521202776,42.489357389012774,39.16203505771697,35.312259059367776,37.13764443543482
GENEVA,OneIE,bert-base-multilingual-cased,42,27,26,,not_available_in_archived_epoch_log,projected,percent,False,continuous,81.72690763052208,84.6740638002774,83.17438692098092,78.1124497991968,80.92926490984743,79.49591280653951,46.85279187817259,45.289499509322866,46.057884231536924,41.11675126903553,39.74484789008832,40.4191616766467,83.66013071895425,81.22686409307245,82.42554333243895,80.3921568627451,78.05393971443681,79.20579554601557,46.07594936708861,42.09714726291442,43.996776792908946,40.21097046413502,36.73862760215883,38.39645447219984
GENEVA,OneIE,bert-base-multilingual-cased,42,28,27,,not_available_in_archived_epoch_log,projected,percent,False,continuous,82.20568335588632,84.25797503467406,83.21917808219177,78.68741542625169,80.65187239944521,79.65753424657534,47.7853048462741,44.99509322865555,46.348243618903204,42.62636789994789,40.13738959764475,41.3444528683346,84.35599778883362,80.69804336329985,82.48648648648648,81.20508568269761,77.68376520359598,79.40540540540539,45.84221748400853,41.44178874325366,43.53107916582304,40.76759061833688,36.85427910562837,38.71228993723426
GENEVA,OneIE,bert-base-multilingual-cased,42,29,28,,not_available_in_archived_epoch_log,projected,percent,True,continuous,82.18623481781377,84.46601941747572,83.31053351573186,78.67746288798921,80.85991678224687,79.75376196990422,48.14624098867147,45.87831207065751,46.98492462311558,43.30587023686921,41.26594700686948,42.26130653266332,84.0571742715778,80.85668958223162,82.42587601078168,80.81363386476086,77.73664727657325,79.24528301886792,46.558358272766135,41.98149575944487,44.15163186701804,41.12868747327918,37.08558211256746,39.00263531319683
GENEVA,OneIE,bert-base-multilingual-cased,42,30,29,,not_available_in_archived_epoch_log,projected,percent,False,continuous,82.38095238095238,83.98058252427184,83.17307692307692,78.843537414966,80.37447988904299,79.60164835164835,47.902641118591404,45.387634936211974,46.61123708742757,43.0864836872087,40.8243375858685,41.924918115394306,84.46170921198669,80.4865150713908,82.42621175196318,81.18756936736959,77.36647276573242,79.23097752504738,47.0360824742268,42.21279876638396,44.49410808614385,41.580756013745706,37.31688511950655,39.333604225924425
